scientific.name,status,kingdom,phylum,class,order,family,genus,specificEpithet,present
Alasmidonta varicosa,federal/state TE,Animalia,Mollusca,Bivalvia,Unionida,Unionidae,Alasmidonta,varicosa,N
Alca torda,federal/state TE,Animalia,Chordata,Aves,Charadriiformes,Alcidae,Alca,torda,Y
Ammodramus savannarum,federal/state TE,Animalia,Chordata,Aves,Passeriformes,Passerellidae,Ammodramus,savannarum,N
Aquila chrysaetos,federal/state TE,Animalia,Chordata,Aves,Accipitriformes,Accipitridae,Aquila,chrysaetos,Y
Asio flammeus,federal/state TE,Animalia,Chordata,Aves,Strigiformes,Strigidae,Asio,flammeus,Y
Atlanticoncha ochracea,federal/state TE,Animalia,Mollusca,Bivalvia,Unionida,Unionidae,Atlanticoncha,ochracea,N
Bartramia longicauda,federal/state TE,Animalia,Chordata,Aves,Charadriiformes,Scolopacidae,Bartramia,longicauda,Y
Boloria chariclea,federal/state TE,Animalia,Arthropoda,Insecta,Lepidoptera,Nymphalidae,Boloria,chariclea,N
Boloria frigga,federal/state TE,Animalia,Arthropoda,Insecta,Lepidoptera,Nymphalidae,Boloria,frigga,N
Bombus affinis,federal/state TE,Animalia,Arthropoda,Insecta,Hymenoptera,Apidae,Bombus,affinis,Y
Botaurus exilis,federal/state TE,Animalia,Chordata,Aves,Pelecaniformes,Ardeidae,Botaurus,exilis,N
Bucephala islandica,federal/state TE,Animalia,Chordata,Aves,Anseriformes,Anatidae,Bucephala,islandica,Y
Calidris canutus,federal/state TE,Animalia,Chordata,Aves,Charadriiformes,Scolopacidae,Calidris,canutus,Y
Callophrys gryneus,federal/state TE,Animalia,Arthropoda,Insecta,Lepidoptera,Lycaenidae,Callophrys,gryneus,N
Callophrys hesseli,federal/state TE,Animalia,Arthropoda,Insecta,Lepidoptera,Lycaenidae,Callophrys,hesseli,N
Charadrius melodus,federal/state TE,Animalia,Chordata,Aves,Charadriiformes,Charadriidae,Charadrius,melodus,Y
Chlidonias niger,federal/state TE,Animalia,Chordata,Aves,Charadriiformes,Laridae,Chlidonias,niger,Y
Cicindelidia marginipennis,federal/state TE,Animalia,Arthropoda,Insecta,Coleoptera,Cicindelidae,Cicindelidia,marginipennis,N
Cistothorus stellaris,federal/state TE,Animalia,Chordata,Aves,Passeriformes,Troglodytidae,Cistothorus,stellaris,Y
Clemmys guttata,federal/state TE,Animalia,Chordata,Reptilia,Testudines,Emydidae,Clemmys,guttata,N
Coluber constrictor,federal/state TE,Animalia,Chordata,Reptilia,Squamata,Colubridae,Coluber,constrictor,N
Dermochelys coriacea,federal/state TE,Animalia,Chordata,Reptilia,Testudines,Dermochelyidae,Dermochelys,coriacea,N
Emydoidea blandingii,federal/state TE,Animalia,Chordata,Reptilia,Testudines,Emydidae,Emydoidea,blandingii,N
Epeorus frisoni,federal/state TE,Animalia,Arthropoda,Insecta,Ephemeroptera,Heptageniidae,Epeorus,frisoni,N
Eretmochelys imbricata,federal/state TE,Animalia,Chordata,Reptilia,Testudines,Cheloniidae,Eretmochelys,imbricata,N
Erynnis brizo,federal/state TE,Animalia,Arthropoda,Insecta,Lepidoptera,Hesperiidae,Erynnis,brizo,N
Esox americanus,federal/state TE,Animalia,Chordata,Actinopterygii,Salmoniformes,Esocidae,Esox,americanus,N
Etheostoma fusiforme,federal/state TE,Animalia,Chordata,Actinopterygii,Perciformes,Percidae,Etheostoma,fusiforme,N
Falco peregrinus,federal/state TE,Animalia,Chordata,Aves,Falconiformes,Falconidae,Falco,peregrinus,Y
Fratercula arctica,federal/state TE,Animalia,Chordata,Aves,Charadriiformes,Alcidae,Fratercula,arctica,Y
Gallinula galeata,federal/state TE,Animalia,Chordata,Aves,Gruiformes,Rallidae,Gallinula,galeata,N
Histrionicus histrionicus,federal/state TE,Animalia,Chordata,Aves,Anseriformes,Anatidae,Histrionicus,histrionicus,Y
Isotria medeoloides,federal/state TE,Plantae,Tracheophyta,Liliopsida,Asparagales,Orchidaceae,Isotria,medeoloides,N
Lampsilis cariosa,federal/state TE,Animalia,Mollusca,Bivalvia,Unionida,Unionidae,Lampsilis,cariosa,N
Lycia rachelae,federal/state TE,Animalia,Arthropoda,Insecta,Lepidoptera,Geometridae,Lycia,rachelae,N
Lynx canadensis,federal/state TE,Animalia,Chordata,Mammalia,Carnivora,Felidae,Lynx,canadensis,N
Mictomys borealis,federal/state TE,Animalia,Chordata,Mammalia,Rodentia,Cricetidae,Mictomys,borealis,N
Myotis leibii,federal/state TE,Animalia,Chordata,Mammalia,Chiroptera,Vespertilionidae,Myotis,leibii,Y
Myotis lucifugus,federal/state TE,Animalia,Chordata,Mammalia,Chiroptera,Vespertilionidae,Myotis,lucifugus,Y
Myotis septentrionalis,federal/state TE,Animalia,Chordata,Mammalia,Chiroptera,Vespertilionidae,Myotis,septentrionalis,N
Nycticorax nycticorax,federal/state TE,Animalia,Chordata,Aves,Pelecaniformes,Ardeidae,Nycticorax,nycticorax,Y
Oeneis polixenes,federal/state TE,Animalia,Arthropoda,Insecta,Lepidoptera,Nymphalidae,Oeneis,polixenes,N
Ophiogomphus colubrinus,federal/state TE,Animalia,Arthropoda,Insecta,Odonata,Gomphidae,Ophiogomphus,colubrinus,N
Pedicularis furbishiae,federal/state TE,Plantae,Tracheophyta,Magnoliopsida,Lamiales,Orobanchaceae,Pedicularis,furbishiae,N
Phanogomphus quadricolor,federal/state TE,Animalia,Arthropoda,Insecta,Odonata,Gomphidae,Phanogomphus,quadricolor,N
Platanthera leucophaea,federal/state TE,Plantae,Tracheophyta,Liliopsida,Asparagales,Orchidaceae,Platanthera,leucophaea,N
Salmo salar,federal/state TE,Animalia,Chordata,Actinopterygii,Salmoniformes,Salmonidae,Salmo,salar,Y
Satyrium edwardsii,federal/state TE,Animalia,Arthropoda,Insecta,Lepidoptera,Lycaenidae,Satyrium,edwardsii,N
Siphlonisca aerodromia,federal/state TE,Animalia,Arthropoda,Insecta,Ephemeroptera,Siphlonuridae,Siphlonisca,aerodromia,N
Sterna dougallii,federal/state TE,Animalia,Chordata,Aves,Charadriiformes,Laridae,Sterna,dougallii,Y
Sterna paradisaea,federal/state TE,Animalia,Chordata,Aves,Charadriiformes,Laridae,Sterna,paradisaea,Y
Sternula antillarum,federal/state TE,Animalia,Chordata,Aves,Charadriiformes,Laridae,Sternula,antillarum,N
Sylvilagus transitionalis,federal/state TE,Animalia,Chordata,Mammalia,Lagomorpha,Leporidae,Sylvilagus,transitionalis,N
Terrapene carolina,federal/state TE,Animalia,Chordata,Reptilia,Testudines,Emydidae,Terrapene,carolina,N
Tharsalea dorcas,federal/state TE,Animalia,Arthropoda,Insecta,Lepidoptera,Lycaenidae,Tharsalea,dorcas,N
Vertigo morsei,federal/state TE,Animalia,Mollusca,Gastropoda,Stylommatophora,Vertiginidae,Vertigo,morsei,N
Williamsonia lintneri,federal/state TE,Animalia,Arthropoda,Insecta,Odonata,Corduliidae,Williamsonia,lintneri,N
Zanclognatha martha,federal/state TE,Animalia,Arthropoda,Insecta,Lepidoptera,Erebidae,Zanclognatha,martha,N
Acer ginnala,invasive/disease,Plantae,Tracheophyta,Magnoliopsida,Sapindales,Sapindaceae,Acer,ginnala,Y
Acer platanoides,invasive/disease,Plantae,Tracheophyta,Magnoliopsida,Sapindales,Sapindaceae,Acer,platanoides,Y
Achillea ptarmica,invasive/disease,Plantae,Tracheophyta,Magnoliopsida,Asterales,Asteraceae,Achillea,ptarmica,Y
Adelges piceae,invasive/disease,Animalia,Arthropoda,Insecta,Hemiptera,Adelgidae,Adelges,piceae,Y
Adelges tsugae,invasive/disease,Animalia,Arthropoda,Insecta,Hemiptera,Adelgidae,Adelges,tsugae,Y
Aegopodium podagraria,invasive/disease,Plantae,Tracheophyta,Magnoliopsida,Apiales,Apiaceae,Aegopodium,podagraria,Y
Agrilus planipennis,invasive/disease,Animalia,Arthropoda,Insecta,Coleoptera,Buprestidae,Agrilus,planipennis,N
Ailanthus altissima,invasive/disease,Plantae,Tracheophyta,Magnoliopsida,Sapindales,Simaroubaceae,Ailanthus,altissima,N
Akebia quinata,invasive/disease,Plantae,Tracheophyta,Magnoliopsida,Ranunculales,Lardizabalaceae,Akebia,quinata,N
Alliaria petiolata,invasive/disease,Plantae,Tracheophyta,Magnoliopsida,Brassicales,Brassicaceae,Alliaria,petiolata,Y
Alnus glutinosa,invasive/disease,Plantae,Tracheophyta,Magnoliopsida,Fagales,Betulaceae,Alnus,glutinosa,N
Amorpha fruticosa,invasive/disease,Plantae,Tracheophyta,Magnoliopsida,Fabales,Fabaceae,Amorpha,fruticosa,N
Ampelopsis glandulosa,invasive/disease,Plantae,Tracheophyta,Magnoliopsida,Vitales,Vitaceae,Ampelopsis,glandulosa,N
Amynthas agrestis,invasive/disease,Animalia,Annelida,Clitellata,Crassiclitellata,Megascolecidae,Amynthas,agrestis,Y
Amynthas corticis,invasive/disease,Animalia,Annelida,Clitellata,Crassiclitellata,Megascolecidae,Amynthas,corticis,Y
Amynthas diffringens,invasive/disease,Animalia,Annelida,Clitellata,Crassiclitellata,Megascolecidae,Amynthas,diffringens,Y
Amynthas gracilis,invasive/disease,Animalia,Annelida,Clitellata,Crassiclitellata,Megascolecidae,Amynthas,gracilis,Y
Amynthas sexpectatus,invasive/disease,Animalia,Annelida,Clitellata,Crassiclitellata,Megascolecidae,Amynthas,sexpectatus,Y
Amynthas tokioensis,invasive/disease,Animalia,Annelida,Clitellata,Crassiclitellata,Megascolecidae,Amynthas,tokioensis,Y
Anoplophora glabripennis,invasive/disease,Animalia,Arthropoda,Insecta,Coleoptera,Cerambycidae,Anoplophora,glabripennis,N
Anthriscus sylvestris,invasive/disease,Plantae,Tracheophyta,Magnoliopsida,Apiales,Apiaceae,Anthriscus,sylvestris,N
Berberis thunbergii,invasive/disease,Plantae,Tracheophyta,Magnoliopsida,Ranunculales,Berberidaceae,Berberis,thunbergii,Y
Berberis vulgaris,invasive/disease,Plantae,Tracheophyta,Magnoliopsida,Ranunculales,Berberidaceae,Berberis,vulgaris,N
Bretziella fagacearum,invasive/disease,Fungi,Ascomycota,Sordariomycetes,Microascales,Ceratocystidaceae,Bretziella,fagacearum,N
Butomus umbellatus,invasive/disease,Plantae,Tracheophyta,Liliopsida,Alismatales,Butomaceae,Butomus,umbellatus,N
Calluna vulgaris,invasive/disease,Plantae,Tracheophyta,Magnoliopsida,Ericales,Ericaceae,Calluna,vulgaris,Y
Cardamine impatiens,invasive/disease,Plantae,Tracheophyta,Magnoliopsida,Brassicales,Brassicaceae,Cardamine,impatiens,Y
Celastrus orbiculatus,invasive/disease,Plantae,Tracheophyta,Magnoliopsida,Celastrales,Celastraceae,Celastrus,orbiculatus,Y
Centaurea nigrescens,invasive/disease,Plantae,Tracheophyta,Magnoliopsida,Asterales,Asteraceae,Centaurea,nigrescens,Y
Centaurea stoebe,invasive/disease,Plantae,Tracheophyta,Magnoliopsida,Asterales,Asteraceae,Centaurea,stoebe,Y
Choristoneura fumiferana,invasive/disease,Animalia,Arthropoda,Insecta,Lepidoptera,Tortricidae,Choristoneura,fumiferana,N
Cirsium arvense,invasive/disease,Plantae,Tracheophyta,Magnoliopsida,Asterales,Asteraceae,Cirsium,arvense,Y
Cirsium vulgare,invasive/disease,Plantae,Tracheophyta,Magnoliopsida,Asterales,Asteraceae,Cirsium,vulgare,Y
Digitalis purpurea,invasive/disease,Plantae,Tracheophyta,Magnoliopsida,Lamiales,Plantaginaceae,Digitalis,purpurea,Y
Dioscorea polystachya,invasive/disease,Plantae,Tracheophyta,Liliopsida,Dioscoreales,Dioscoreaceae,Dioscorea,polystachya,N
Elaeagnus umbellata,invasive/disease,Plantae,Tracheophyta,Magnoliopsida,Rosales,Elaeagnaceae,Elaeagnus,umbellata,Y
Epipactis helleborine,invasive/disease,Plantae,Tracheophyta,Liliopsida,Asparagales,Orchidaceae,Epipactis,helleborine,Y
Euonymus alatus,invasive/disease,Plantae,Tracheophyta,Magnoliopsida,Celastrales,Celastraceae,Euonymus,alatus,Y
Euphorbia cyparissias,invasive/disease,Plantae,Tracheophyta,Magnoliopsida,Malpighiales,Euphorbiaceae,Euphorbia,cyparissias,Y
Euproctis chrysorrhoea,invasive/disease,Animalia,Arthropoda,Insecta,Lepidoptera,Erebidae,Euproctis,chrysorrhoea,Y
Fiorinia externa,invasive/disease,Animalia,Arthropoda,Insecta,Hemiptera,Diaspididae,Fiorinia,externa,N
Frangula alnus,invasive/disease,Plantae,Tracheophyta,Magnoliopsida,Rosales,Rhamnaceae,Frangula,alnus,Y
Fraxinus excelsior,invasive/disease,Plantae,Tracheophyta,Magnoliopsida,Lamiales,Oleaceae,Fraxinus,excelsior,N
Galeopsis bifida,invasive/disease,Plantae,Tracheophyta,Magnoliopsida,Lamiales,Lamiaceae,Galeopsis,bifida,Y
Genista tinctoria,invasive/disease,Plantae,Tracheophyta,Magnoliopsida,Fabales,Fabaceae,Genista,tinctoria,Y
Heracleum mantegazzianum,invasive/disease,Plantae,Tracheophyta,Magnoliopsida,Apiales,Apiaceae,Heracleum,mantegazzianum,Y
Hylotelephium telephium,invasive/disease,Plantae,Tracheophyta,Magnoliopsida,Saxifragales,Crassulaceae,Hylotelephium,telephium,Y
Hypericum prolificum,invasive/disease,Plantae,Tracheophyta,Magnoliopsida,Malpighiales,Hypericaceae,Hypericum,prolificum,Y
Impatiens glandulifera,invasive/disease,Plantae,Tracheophyta,Magnoliopsida,Ericales,Balsaminaceae,Impatiens,glandulifera,N
Iris pseudacorus,invasive/disease,Plantae,Tracheophyta,Liliopsida,Asparagales,Iridaceae,Iris,pseudacorus,Y
Jacobaea vulgaris,invasive/disease,Plantae,Tracheophyta,Magnoliopsida,Asterales,Asteraceae,Jacobaea,vulgaris,Y
Lepidium latifolium,invasive/disease,Plantae,Tracheophyta,Magnoliopsida,Brassicales,Brassicaceae,Lepidium,latifolium,N
Ligustrum obtusifolium,invasive/disease,Plantae,Tracheophyta,Magnoliopsida,Lamiales,Oleaceae,Ligustrum,obtusifolium,N
Ligustrum ovalifolium,invasive/disease,Plantae,Tracheophyta,Magnoliopsida,Lamiales,Oleaceae,Ligustrum,ovalifolium,N
Ligustrum sinense,invasive/disease,Plantae,Tracheophyta,Magnoliopsida,Lamiales,Oleaceae,Ligustrum,sinense,N
Ligustrum vulgare,invasive/disease,Plantae,Tracheophyta,Magnoliopsida,Lamiales,Oleaceae,Ligustrum,vulgare,N
Litylenchus crenatae,invasive/disease,Animalia,Nematoda,Chromadorea,Rhabditida,Anguinidae,Litylenchus,crenatae,Y
Lonicera japonica,invasive/disease,Plantae,Tracheophyta,Magnoliopsida,Dipsacales,Caprifoliaceae,Lonicera,japonica,Y
Lonicera maackii,invasive/disease,Plantae,Tracheophyta,Magnoliopsida,Dipsacales,Caprifoliaceae,Lonicera,maackii,N
Lonicera morrowii,invasive/disease,Plantae,Tracheophyta,Magnoliopsida,Dipsacales,Caprifoliaceae,Lonicera,morrowii,Y
Lonicera periclymenum,invasive/disease,Plantae,Tracheophyta,Magnoliopsida,Dipsacales,Caprifoliaceae,Lonicera,periclymenum,Y
Lonicera tatarica,invasive/disease,Plantae,Tracheophyta,Magnoliopsida,Dipsacales,Caprifoliaceae,Lonicera,tatarica,N
Lonicera xylosteum,invasive/disease,Plantae,Tracheophyta,Magnoliopsida,Dipsacales,Caprifoliaceae,Lonicera,xylosteum,N
Lotus corniculatus,invasive/disease,Plantae,Tracheophyta,Magnoliopsida,Fabales,Fabaceae,Lotus,corniculatus,Y
Lupinus polyphyllus,invasive/disease,Plantae,Tracheophyta,Magnoliopsida,Fabales,Fabaceae,Lupinus,polyphyllus,Y
Lythrum salicaria,invasive/disease,Plantae,Tracheophyta,Magnoliopsida,Myrtales,Lythraceae,Lythrum,salicaria,Y
Matsucoccus matsumurae,invasive/disease,Animalia,Arthropoda,Insecta,Hemiptera,Matsucoccidae,Matsucoccus,matsumurae,Y
Microstegium vimineum,invasive/disease,Plantae,Tracheophyta,Liliopsida,Poales,Poaceae,Microstegium,vimineum,N
Operophtera brumata,invasive/disease,Animalia,Arthropoda,Insecta,Lepidoptera,Geometridae,Operophtera,brumata,Y
Oplismenus hirtellus,invasive/disease,Plantae,Tracheophyta,Liliopsida,Poales,Poaceae,Oplismenus,hirtellus,N
Persicaria perfoliata,invasive/disease,Plantae,Tracheophyta,Magnoliopsida,Caryophyllales,Polygonaceae,Persicaria,perfoliata,N
Phellodendron amurense,invasive/disease,Plantae,Tracheophyta,Magnoliopsida,Sapindales,Rutaceae,Phellodendron,amurense,Y
Phragmites australis,invasive/disease,Plantae,Tracheophyta,Liliopsida,Poales,Poaceae,Phragmites,australis,N
Populus alba,invasive/disease,Plantae,Tracheophyta,Magnoliopsida,Malpighiales,Salicaceae,Populus,alba,Y
Potentilla recta,invasive/disease,Plantae,Tracheophyta,Magnoliopsida,Rosales,Rosaceae,Potentilla,recta,Y
Pyrrhalta viburni,invasive/disease,Animalia,Arthropoda,Insecta,Coleoptera,Chrysomelidae,Pyrrhalta,viburni,Y
Reynoutria japonica,invasive/disease,Plantae,Tracheophyta,Magnoliopsida,Caryophyllales,Polygonaceae,Reynoutria,japonica,Y
Rhamnus cathartica,invasive/disease,Plantae,Tracheophyta,Magnoliopsida,Rosales,Rhamnaceae,Rhamnus,cathartica,N
Rosa multiflora,invasive/disease,Plantae,Tracheophyta,Magnoliopsida,Rosales,Rosaceae,Rosa,multiflora,Y
Rosa rugosa,invasive/disease,Plantae,Tracheophyta,Magnoliopsida,Rosales,Rosaceae,Rosa,rugosa,Y
Rubus phoenicolasius,invasive/disease,Plantae,Tracheophyta,Magnoliopsida,Rosales,Rosaceae,Rubus,phoenicolasius,N
Securigera varia,invasive/disease,Plantae,Tracheophyta,Magnoliopsida,Fabales,Fabaceae,Securigera,varia,Y
Sisymbrium officinale,invasive/disease,Plantae,Tracheophyta,Magnoliopsida,Brassicales,Brassicaceae,Sisymbrium,officinale,Y
Solanum dulcamara,invasive/disease,Plantae,Tracheophyta,Magnoliopsida,Solanales,Solanaceae,Solanum,dulcamara,Y
Spergularia rubra,invasive/disease,Plantae,Tracheophyta,Magnoliopsida,Caryophyllales,Caryophyllaceae,Spergularia,rubra,Y
Tetropium castaneum,invasive/disease,Animalia,Arthropoda,Insecta,Coleoptera,Cerambycidae,Tetropium,castaneum,N
Trifolium hybridum,invasive/disease,Plantae,Tracheophyta,Magnoliopsida,Fabales,Fabaceae,Trifolium,hybridum,Y
Tussilago farfara,invasive/disease,Plantae,Tracheophyta,Magnoliopsida,Asterales,Asteraceae,Tussilago,farfara,Y
Typha angustifolia,invasive/disease,Plantae,Tracheophyta,Liliopsida,Poales,Typhaceae,Typha,angustifolia,N
Verbascum thapsus,invasive/disease,Plantae,Tracheophyta,Magnoliopsida,Lamiales,Scrophulariaceae,Verbascum,thapsus,Y
Vincetoxicum nigrum,invasive/disease,Plantae,Tracheophyta,Magnoliopsida,Gentianales,Apocynaceae,Vincetoxicum,nigrum,N
Vincetoxicum rossicum,invasive/disease,Plantae,Tracheophyta,Magnoliopsida,Gentianales,Apocynaceae,Vincetoxicum,rossicum,N
Actaea pachypoda,rare/native,Plantae,Tracheophyta,Magnoliopsida,Ranunculales,Ranunculaceae,Actaea,pachypoda,Y
Actaea rubra,rare/native,Plantae,Tracheophyta,Magnoliopsida,Ranunculales,Ranunculaceae,Actaea,rubra,Y
Agalinis purpurea,rare/native,Plantae,Tracheophyta,Magnoliopsida,Lamiales,Orobanchaceae,Agalinis,purpurea,Y
Amphicarpaea bracteata,rare/native,Plantae,Tracheophyta,Magnoliopsida,Fabales,Fabaceae,Amphicarpaea,bracteata,Y
Andropogon gerardi,rare/native,Plantae,Tracheophyta,Liliopsida,Poales,Poaceae,Andropogon,gerardi,Y
Antennaria neglecta,rare/native,Plantae,Tracheophyta,Magnoliopsida,Asterales,Asteraceae,Antennaria,neglecta,Y
Arisaema triphyllum,rare/native,Plantae,Tracheophyta,Liliopsida,Alismatales,Araceae,Arisaema,triphyllum,Y
Asclepias syriaca,rare/native,Plantae,Tracheophyta,Magnoliopsida,Gentianales,Apocynaceae,Asclepias,syriaca,Y
Asplenium trichomanes,rare/native,Plantae,Tracheophyta,Polypodiopsida,Polypodiales,Aspleniaceae,Asplenium,trichomanes,Y
Atriplex acadiensis,rare/native,Plantae,Tracheophyta,Magnoliopsida,Caryophyllales,Amaranthaceae,Atriplex,acadiensis,Y
Atriplex dioica,rare/native,Plantae,Tracheophyta,Magnoliopsida,Caryophyllales,Amaranthaceae,Atriplex,dioica,Y
Atriplex glabriuscula,rare/native,Plantae,Tracheophyta,Magnoliopsida,Caryophyllales,Amaranthaceae,Atriplex,glabriuscula,Y
Bartonia paniculata,rare/native,Plantae,Tracheophyta,Magnoliopsida,Gentianales,Gentianaceae,Bartonia,paniculata,Y
Bartonia virginica,rare/native,Plantae,Tracheophyta,Magnoliopsida,Gentianales,Gentianaceae,Bartonia,virginica,Y
Bombus terricola,rare/native,Animalia,Arthropoda,Insecta,Hymenoptera,Apidae,Bombus,terricola,Y
Calamagrostis inexpansa,rare/native,Plantae,Tracheophyta,Liliopsida,Poales,Poaceae,Calamagrostis,inexpansa,Y
Calamagrostis stricta,rare/native,Plantae,Tracheophyta,Liliopsida,Poales,Poaceae,Calamagrostis,stricta,Y
Caltha palustris,rare/native,Plantae,Tracheophyta,Magnoliopsida,Ranunculales,Ranunculaceae,Caltha,palustris,Y
Capnoides sempervirens,rare/native,Plantae,Tracheophyta,Magnoliopsida,Ranunculales,Papaveraceae,Capnoides,sempervirens,Y
Carex houghtoniana,rare/native,Plantae,Tracheophyta,Liliopsida,Poales,Cyperaceae,Carex,houghtoniana,Y
Carex ormostachya,rare/native,Plantae,Tracheophyta,Liliopsida,Poales,Cyperaceae,Carex,ormostachya,Y
Carex wiegandii,rare/native,Plantae,Tracheophyta,Liliopsida,Poales,Cyperaceae,Carex,wiegandii,Y
Chelone glabra,rare/native,Plantae,Tracheophyta,Magnoliopsida,Lamiales,Plantaginaceae,Chelone,glabra,Y
Cicuta maculata,rare/native,Plantae,Tracheophyta,Magnoliopsida,Apiales,Apiaceae,Cicuta,maculata,Y
Corallorhiza maculata,rare/native,Plantae,Tracheophyta,Liliopsida,Asparagales,Orchidaceae,Corallorhiza,maculata,Y
Corallorhiza trifida,rare/native,Plantae,Tracheophyta,Liliopsida,Asparagales,Orchidaceae,Corallorhiza,trifida,Y
Corema conradii,rare/native,Plantae,Tracheophyta,Magnoliopsida,Ericales,Ericaceae,Corema,conradii,Y
Cornus rugosa,rare/native,Plantae,Tracheophyta,Magnoliopsida,Cornales,Cornaceae,Cornus,rugosa,Y
Crataegus macracantha,rare/native,Plantae,Tracheophyta,Magnoliopsida,Rosales,Rosaceae,Crataegus,macracantha,Y
Cuscuta gronovii,rare/native,Plantae,Tracheophyta,Magnoliopsida,Solanales,Convolvulaceae,Cuscuta,gronovii,Y
Cypripedium acaule,rare/native,Plantae,Tracheophyta,Liliopsida,Asparagales,Orchidaceae,Cypripedium,acaule,Y
Cystopteris fragilis,rare/native,Plantae,Tracheophyta,Polypodiopsida,Polypodiales,Cystopteridaceae,Cystopteris,fragilis,Y
Danaus plexippus,rare/native,Animalia,Arthropoda,Insecta,Lepidoptera,Nymphalidae,Danaus,plexippus,Y
Dasiphora fruticosa,rare/native,Plantae,Tracheophyta,Magnoliopsida,Rosales,Rosaceae,Dasiphora,fruticosa,Y
Diphasiastrum digitatum,rare/native,Plantae,Tracheophyta,Lycopodiopsida,Lycopodiales,Lycopodiaceae,Diphasiastrum,digitatum,Y
Epigaea repens,rare/native,Plantae,Tracheophyta,Magnoliopsida,Ericales,Ericaceae,Epigaea,repens,Y
Epilobium ciliatum,rare/native,Plantae,Tracheophyta,Magnoliopsida,Myrtales,Onagraceae,Epilobium,ciliatum,Y
Epilobium coloratum,rare/native,Plantae,Tracheophyta,Magnoliopsida,Myrtales,Onagraceae,Epilobium,coloratum,Y
Epilobium palustre,rare/native,Plantae,Tracheophyta,Magnoliopsida,Myrtales,Onagraceae,Epilobium,palustre,Y
Equisetum fluviatile,rare/native,Plantae,Tracheophyta,Polypodiopsida,Equisetales,Equisetaceae,Equisetum,fluviatile,Y
Euthamia graminifolia,rare/native,Plantae,Tracheophyta,Magnoliopsida,Asterales,Asteraceae,Euthamia,graminifolia,Y
Eutrochium maculatum,rare/native,Plantae,Tracheophyta,Magnoliopsida,Asterales,Asteraceae,Eutrochium,maculatum,Y
Fraxinus americana,rare/native,Plantae,Tracheophyta,Magnoliopsida,Lamiales,Oleaceae,Fraxinus,americana,Y
Fraxinus nigra,rare/native,Plantae,Tracheophyta,Magnoliopsida,Lamiales,Oleaceae,Fraxinus,nigra,Y
Fraxinus pennsylvanica,rare/native,Plantae,Tracheophyta,Magnoliopsida,Lamiales,Oleaceae,Fraxinus,pennsylvanica,Y
Geum rivale,rare/native,Plantae,Tracheophyta,Magnoliopsida,Rosales,Rosaceae,Geum,rivale,Y
Goodyera pubescens,rare/native,Plantae,Tracheophyta,Liliopsida,Asparagales,Orchidaceae,Goodyera,pubescens,Y
Hieracium scabrum,rare/native,Plantae,Tracheophyta,Magnoliopsida,Asterales,Asteraceae,Hieracium,scabrum,Y
Huperzia appressa,rare/native,Plantae,Tracheophyta,Lycopodiopsida,Lycopodiales,Lycopodiaceae,Huperzia,appressa,Y
Lilium philadelphicum,rare/native,Plantae,Tracheophyta,Liliopsida,Liliales,Liliaceae,Lilium,philadelphicum,Y
Lonicera canadensis,rare/native,Plantae,Tracheophyta,Magnoliopsida,Dipsacales,Caprifoliaceae,Lonicera,canadensis,Y
Lycopodiella inundata,rare/native,Plantae,Tracheophyta,Lycopodiopsida,Lycopodiales,Lycopodiaceae,Lycopodiella,inundata,Y
Lysimachia maritima,rare/native,Plantae,Tracheophyta,Magnoliopsida,Ericales,Primulaceae,Lysimachia,maritima,Y
Maianthemum racemosum,rare/native,Plantae,Tracheophyta,Liliopsida,Asparagales,Asparagaceae,Maianthemum,racemosum,Y
Medeola virginiana,rare/native,Plantae,Tracheophyta,Liliopsida,Liliales,Liliaceae,Medeola,virginiana,Y
Mertensia maritima,rare/native,Plantae,Tracheophyta,Magnoliopsida,Boraginales,Boraginaceae,Mertensia,maritima,Y
Mollugo verticillata,rare/native,Plantae,Tracheophyta,Magnoliopsida,Caryophyllales,Molluginaceae,Mollugo,verticillata,Y
Monotropa hypopitys,rare/native,Plantae,Tracheophyta,Magnoliopsida,Ericales,Ericaceae,Monotropa,hypopitys,Y
Panicum virgatum,rare/native,Plantae,Tracheophyta,Liliopsida,Poales,Poaceae,Panicum,virgatum,Y
Pinus resinosa,rare/native,Plantae,Tracheophyta,Pinopsida,Pinales,Pinaceae,Pinus,resinosa,Y
Platanthera clavellata,rare/native,Plantae,Tracheophyta,Liliopsida,Asparagales,Orchidaceae,Platanthera,clavellata,Y
Polygonatum pubescens,rare/native,Plantae,Tracheophyta,Liliopsida,Asparagales,Asparagaceae,Polygonatum,pubescens,Y
Polypodium appalachianum,rare/native,Plantae,Tracheophyta,Polypodiopsida,Polypodiales,Polypodiaceae,Polypodium,appalachianum,Y
Proserpinaca pectinata,rare/native,Plantae,Tracheophyta,Magnoliopsida,Saxifragales,Haloragaceae,Proserpinaca,pectinata,Y
Ranunculus recurvatus,rare/native,Plantae,Tracheophyta,Magnoliopsida,Ranunculales,Ranunculaceae,Ranunculus,recurvatus,Y
Rhexia virginica,rare/native,Plantae,Tracheophyta,Magnoliopsida,Myrtales,Melastomataceae,Rhexia,virginica,Y
Rhodiola rosea,rare/native,Plantae,Tracheophyta,Magnoliopsida,Saxifragales,Crassulaceae,Rhodiola,rosea,Y
Rhynchospora capitellata,rare/native,Plantae,Tracheophyta,Liliopsida,Poales,Cyperaceae,Rhynchospora,capitellata,Y
Rubus chamaemorus,rare/native,Plantae,Tracheophyta,Magnoliopsida,Rosales,Rosaceae,Rubus,chamaemorus,Y
Rubus dalibarda,rare/native,Plantae,Tracheophyta,Magnoliopsida,Rosales,Rosaceae,Rubus,dalibarda,Y
Senega sanguinea,rare/native,Plantae,Tracheophyta,Magnoliopsida,Fabales,Polygalaceae,Senega,sanguinea,Y
Solidago flexicaulis,rare/native,Plantae,Tracheophyta,Magnoliopsida,Asterales,Asteraceae,Solidago,flexicaulis,Y
Sorghastrum nutans,rare/native,Plantae,Tracheophyta,Liliopsida,Poales,Poaceae,Sorghastrum,nutans,Y
Sparganium emersum,rare/native,Plantae,Tracheophyta,Liliopsida,Poales,Typhaceae,Sparganium,emersum,Y
Spergularia canadensis,rare/native,Plantae,Tracheophyta,Magnoliopsida,Caryophyllales,Caryophyllaceae,Spergularia,canadensis,Y
Spergularia marina,rare/native,Plantae,Tracheophyta,Magnoliopsida,Caryophyllales,Caryophyllaceae,Spergularia,marina,Y
Spinulum annotinum,rare/native,Plantae,Tracheophyta,Lycopodiopsida,Lycopodiales,Lycopodiaceae,Spinulum,annotinum,Y
Spiranthes cernua,rare/native,Plantae,Tracheophyta,Liliopsida,Asparagales,Orchidaceae,Spiranthes,cernua,Y
Suaeda calceoliformis,rare/native,Plantae,Tracheophyta,Magnoliopsida,Caryophyllales,Amaranthaceae,Suaeda,calceoliformis,Y
Symplocarpus foetidus,rare/native,Plantae,Tracheophyta,Liliopsida,Alismatales,Araceae,Symplocarpus,foetidus,Y
Taxus canadensis,rare/native,Plantae,Tracheophyta,Pinopsida,Pinales,Taxaceae,Taxus,canadensis,Y
Teucrium canadense,rare/native,Plantae,Tracheophyta,Magnoliopsida,Lamiales,Lamiaceae,Teucrium,canadense,Y
Toxicodendron radicans,rare/native,Plantae,Tracheophyta,Magnoliopsida,Sapindales,Anacardiaceae,Toxicodendron,radicans,Y
Toxicodendron rydbergii,rare/native,Plantae,Tracheophyta,Magnoliopsida,Sapindales,Anacardiaceae,Toxicodendron,rydbergii,Y
Trichophorum cespitosum,rare/native,Plantae,Tracheophyta,Liliopsida,Poales,Cyperaceae,Trichophorum,cespitosum,Y
Trillium cernuum,rare/native,Plantae,Tracheophyta,Liliopsida,Liliales,Melanthiaceae,Trillium,cernuum,Y
Trillium undulatum,rare/native,Plantae,Tracheophyta,Liliopsida,Liliales,Melanthiaceae,Trillium,undulatum,Y
Tsuga canadensis,rare/native,Plantae,Tracheophyta,Pinopsida,Pinales,Pinaceae,Tsuga,canadensis,Y
Typha latifolia,rare/native,Plantae,Tracheophyta,Liliopsida,Poales,Typhaceae,Typha,latifolia,Y
Ursus americanus,rare/native,Animalia,Chordata,Mammalia,Carnivora,Ursidae,Ursus,americanus,Y
Uvularia sessilifolia,rare/native,Plantae,Tracheophyta,Liliopsida,Liliales,Colchicaceae,Uvularia,sessilifolia,Y
Verbena hastata,rare/native,Plantae,Tracheophyta,Magnoliopsida,Lamiales,Verbenaceae,Verbena,hastata,Y
Viburnum dentatum,rare/native,Plantae,Tracheophyta,Magnoliopsida,Dipsacales,Viburnaceae,Viburnum,dentatum,Y
Viburnum recognitum,rare/native,Plantae,Tracheophyta,Magnoliopsida,Dipsacales,Viburnaceae,Viburnum,recognitum,Y
Woodsia ilvensis,rare/native,Plantae,Tracheophyta,Polypodiopsida,Polypodiales,Woodsiaceae,Woodsia,ilvensis,Y
Woodwardia virginica,rare/native,Plantae,Tracheophyta,Polypodiopsida,Polypodiales,Blechnaceae,Woodwardia,virginica,Y
Xyris difformis,rare/native,Plantae,Tracheophyta,Liliopsida,Poales,Xyridaceae,Xyris,difformis,Y